{
    "G_lr": 0.00001,
    "D_lr": 0.00001
}
