{
    "G_lr": 0.00005,
    "D_lr": 0.00005,
    "batchsize": 512
}
